{
    "R_w2c": [
        [
            -0.29404342222834945,
            0.7142714265594914,
            0.6351021925996709
        ],
        [
            0.03795944178182642,
            0.6726801769800497,
            -0.7389590382948845
        ],
        [
            -0.9550379817702814,
            -0.19317791980130017,
            -0.22491052593729277
        ]
    ],
    "t_w2c": [
        [
            1108338.6605857478
        ],
        [
            6142785.115576624
        ],
        [
            1266499.2044479328
        ]
    ],
    "T_w2c": [
        [
            -0.29404342222834945,
            0.7142714265594914,
            0.6351021925996709,
            1108338.6605857478
        ],
        [
            0.03795944178182642,
            0.6726801769800497,
            -0.7389590382948845,
            6142785.115576624
        ],
        [
            -0.9550379817702814,
            -0.19317791980130017,
            -0.22491052593729277,
            1266499.2044479328
        ]
    ],
    "T_c2w": [
        [
            -0.29404342222834945,
            0.03795944178182642,
            -0.9550379817702814,
            1302277.8429032385
        ],
        [
            0.7142714265594914,
            0.6726801769800497,
            -0.19317791980130017,
            -4679124.733158863
        ],
        [
            0.6351021925996709,
            -0.7389590382948845,
            -0.22491052593729277,
            4120207.27014919
        ]
    ],
    "Estimated RSU lla": [
        40.49817907162227,
        -74.44723499751441,
        1.7775983829051256
    ],
    "Surveyed RSU lla": [
        40.49818389,
        -74.4472481,
        2.15103125
    ]
}