{
    "R_w2c": [
        [
            -0.6379474769512549,
            0.1421306543796435,
            0.7568499809983101
        ],
        [
            -0.029209409846845134,
            0.9776467936545382,
            -0.20821517051694508
        ],
        [
            -0.7695257156378382,
            -0.15493748398181703,
            -0.6195357528258212
        ]
    ],
    "t_w2c": [
        [
            -1624476.4372767431
        ],
        [
            5468875.62989683
        ],
        [
            2831715.6024783975
        ]
    ],
    "T_w2c": [
        [
            -0.6379474769512549,
            0.1421306543796435,
            0.7568499809983101,
            -1624476.4372767431
        ],
        [
            -0.029209409846845134,
            0.9776467936545382,
            -0.20821517051694508,
            5468875.62989683
        ],
        [
            -0.7695257156378382,
            -0.15493748398181703,
            -0.6195357528258212,
            2831715.6024783975
        ]
    ],
    "T_c2w": [
        [
            -0.6379474769512549,
            -0.029209409846845134,
            -0.7695257156378382,
            1302489.9606276392
        ],
        [
            0.1421306543796435,
            0.9776467936545382,
            -0.15493748398181703,
            -4677001.934609565
        ],
        [
            0.7568499809983101,
            -0.20821517051694508,
            -0.6195357528258212,
            4122536.890070117
        ]
    ],
    "Estimated RSU lla": [
        40.52575941595561,
        -74.43810625287898,
        3.5954037327319384
    ],
    "Surveyed RSU lla": [
        40.52576155,
        -74.43812425,
        2.3339161639999997
    ]
}