{
    "R_w2c": [
        [
            -0.19892926636992458,
            0.682927657504123,
            0.7028776291769818
        ],
        [
            -0.15907066819107812,
            0.6852001585260468,
            -0.7107723019906755
        ],
        [
            -0.9670179261537852,
            -0.2532006267208108,
            -0.027672606046793974
        ]
    ],
    "t_w2c": [
        [
            558545.3142948574
        ],
        [
            6341821.57624087
        ],
        [
            188576.77057810363
        ]
    ],
    "T_w2c": [
        [
            -0.19892926636992458,
            0.682927657504123,
            0.7028776291769818,
            558545.3142948574
        ],
        [
            -0.15907066819107812,
            0.6852001585260468,
            -0.7107723019906755,
            6341821.57624087
        ],
        [
            -0.9670179261537852,
            -0.2532006267208108,
            -0.027672606046793974,
            188576.77057810363
        ]
    ],
    "T_c2w": [
        [
            -0.19892926636992458,
            -0.15907066819107812,
            -0.9670179261537852,
            1302265.9228934823
        ],
        [
            0.682927657504123,
            0.6852001585260468,
            -0.2532006267208108,
            -4679115.435990077
        ],
        [
            0.7028776291769818,
            -0.7107723019906755,
            -0.027672606046793974,
            4120220.524941161
        ]
    ],
    "Estimated RSU lla": [
        40.498340913530875,
        -74.4473410580339,
        1.1442930875346065
    ],
    "Surveyed RSU lla": [
        40.4983512247306,
        -74.447335390851,
        2.0385972899729
    ]
}