{
    "R_w2c": [
        [
            0.976242531103306,
            0.14999360735820094,
            -0.1563727540739896
        ],
        [
            -0.21631443334109557,
            0.7165878315518308,
            -0.6631062852968336
        ],
        [
            0.012593108962099475,
            0.6811782420361933,
            0.7320093006124648
        ]
    ],
    "t_w2c": [
        [
            74599.67760136908
        ],
        [
            6366908.407389079
        ],
        [
            151768.82614188603
        ]
    ],
    "T_w2c": [
        [
            0.976242531103306,
            0.14999360735820094,
            -0.1563727540739896,
            74599.67760136908
        ],
        [
            -0.21631443334109557,
            0.7165878315518308,
            -0.6631062852968336,
            6366908.407389079
        ],
        [
            0.012593108962099475,
            0.6811782420361933,
            0.7320093006124648,
            151768.82614188603
        ]
    ],
    "T_c2w": [
        [
            0.976242531103306,
            -0.21631443334109557,
            0.012593108962099475,
            1302515.5648333202
        ],
        [
            0.14999360735820094,
            0.7165878315518308,
            0.6811782420361933,
            -4677020.186278476
        ],
        [
            -0.1563727540739896,
            -0.6631062852968336,
            0.7320093006124648,
            4122506.1476096115
        ]
    ],
    "Estimated RSU lla": [
        40.52540589879074,
        -74.43787295075505,
        2.2054634569212794
    ],
    "Surveyed RSU lla": [
        40.52541373,
        -74.43786666,
        3.111730176
    ]
}