{
    "R_w2c": [
        [
            0.914311354530404,
            0.038321596573727246,
            -0.4031949927923439
        ],
        [
            -0.3824980394581004,
            0.40899235043864,
            -0.8285049831433642
        ],
        [
            0.13315403406388854,
            0.9117328076353934,
            0.3886042854804816
        ]
    ],
    "t_w2c": [
        [
            652076.5100538351
        ],
        [
            5826102.745898045
        ],
        [
            2489468.8268146105
        ]
    ],
    "T_w2c": [
        [
            0.914311354530404,
            0.038321596573727246,
            -0.4031949927923439,
            652076.5100538351
        ],
        [
            -0.3824980394581004,
            0.40899235043864,
            -0.8285049831433642,
            5826102.745898045
        ],
        [
            0.13315403406388854,
            0.9117328076353934,
            0.3886042854804816,
            2489468.8268146105
        ]
    ],
    "T_c2w": [
        [
            0.914311354530404,
            -0.3824980394581004,
            0.13315403406388854,
            1300789.1038560155
        ],
        [
            0.038321596573727246,
            0.40899235043864,
            0.9117328076353934,
            -4677550.471887817
        ],
        [
            -0.4031949927923439,
            -0.8285049831433642,
            0.3886042854804816,
            4122450.8863827554
        ]
    ],
    "Estimated RSU lla": [
        40.524746748145326,
        -74.45917938605282,
        2.784212836995721
    ],
    "Surveyed RSU lla": [
        40.52473941,
        -74.45918243,
        2.074666667
    ]
}